name,protein,carbohydrate,fat,is_vegan,measure,quantity
Asparagus,2.2,3.9,0.1,0,g,100
Avocado,1,4,13,1,x,1
Bacon,37,1.4,14,0,g,100
Baking Powder,0,0,0,1,tsp,1
Banana,1.1,23,0.3,1,x,1
Basil,0,0,0,1,leaves,1
Beef Brisket,21,0,7,0,g,100
Beef Fillet,21,0,6,0,g,100
Bicarbonate Of Soda,0,0,0,1,tsp,1
Blueberries,1,6,0,1,g,100
Bread,9,49,3.2,1,g,100
Broccoli,3.5,2.5,0.5,1,head,1
Butter,0.9,0.1,81,0,g,100
Cabbage,1.3,6,0.1,0,head,1
Cacao,1.1,3.1,0.7,1,tbsp,1
Cajun,0,0,0,1,tbsp,1
Capers,0,0,0,1,tblsp,1
Celery,1,2,0.2,1,g,100
Cheese,11,3.7,4.5,0,g,100
Cherry Tomatoes,0,0,0,1,g,100
Chicken Breast,20,0,2,0,g,100
Chicken Stock,1,0,1,0,ml,100
Chickpeas,19,61,6,1,g,100
Chives,0,0,0,0,tbs,1
Ciabatta,9,49,3.2,1,x,1
Coconut milk,1,3.1,10.9,1,ml,100
Coriander,0,0,0,1,g,100
Cornstarch,0,1,0,1,tbs,1
Cucumber,3,6,0,1,x,1
Cumin,0.5,1,0.5,1,bsp,1
Dill Pickles,0.3,2.3,0.2,1,g,100
Doubanjiang,0,0,0,1,tsp,1
Double cream,1.5,1.6,50.5,1,ml,100
Duck Sauce,2.6,43,6.4,1,ml,100
Eggs,13,0,11,0,x,1
English Muffins,8,46,1.8,1,x,1
Fermented Black Beans,0.4,2.3,0.1,1,tsp,1
Flour,10,76,1,1,g,100
Garlic,0,0,0,1,cloves,1
Garlic Powder,0,0,0,1,tsp,1
Ginger,0,0,0,1,g,100
Gochujang,0,0,0,1,tbs,1
Green beans,1.8,7,0.1,1,g,100
Green Salsa,0,0,0,1,tsp,1
Gruyere,11,3.7,4.5,0,g,100
Ham,21,1.5,6,0,g,100
Hard Taco Shells,2,10,1,1,x,1
Harissa Spice,0,0,0,1,tsp,1
Honey,0,2,0,1,tsp,1
Iceberg Lettuce,3,6,0,1,x,1
Jalapeno,0,6,1,1,x,1
Kidney Beans,24,60,0.8,1,g,100
King Prawns,18,0,0.5,0,g,100
Leek,0.5,5,0.1,1,x,1
Lemon,0,3,0,1,x,1
Lettuce,1,3,0.2,1,x,1
Lime,0,3,0,1,x,1
Little gem lettuce,1,3,0.2,1,x,1
Mayonnaise,1,0.6,75,0,ml,100
Milk,3.2,4.9,1,0,ml,100
Minced Beef,19,0,13,0,g,100
Mint,0,0,0,1,tbs,1
Mozzarella,28,3.1,17,0,g,100
Mustard,0,0,0,1,tsp,1
Olive Oil,0,0,14,1,tsp,1
Onions,1.1,9,0.1,1,x,1
Paprika,0,0,0,1,tsp,1
Parmesan,38,4.1,29,0,g,100
Parsley,3,6,0.8,1,g,100
Peanut Butter,1,1,3,1,tbs,1
Pecan Nuts,9,14,72,1,g,100
Pepper,0,0,0,1,tsp,1
Potatoes,5,37,0,1,g,100
Rapeseed Oil,0,0,2,1,tblsp,1
Raspberries,1.2,12,0.7,1,g,100
Red Onions,1.1,9,0.1,1,x,1
Red Wine Vinegar,0,1,0,1,tsp,1
Rice,3.7,31,1.8,1,g,100
Rice Vinegar,0,1,0,1,tbs,1
Rocket,2.6,3.7,0.7,1,g,100
Salmon,20,0,12,0,g,100
Salsa,1.5,7,0.2,1,ml,100
Salt,0,0,0,1,tsp,1
Scallions,1.8,7,0.2,1,x,1
Sea Salt,0,0,0,1,g,100
Sesame Seed Burger Buns,2,20,5,1,x,1
Sesame Seed Oil,0,1,3,1,tbs,1
Sichuan pepper,0,0,0,1,tsp,1
Smoked Paprika,0,0,0,1,tsp,1
Smoked Salmon,20,0,12,0,g,100
Sour cream,2.1,2.9,20,0,g,100
Soy Sauce,0,1,3,1,tbs,1
Spinach,3.5,5,4,1,g,100
Starch,0,0,0,1,tbs,1
Stilton Cheese,6.1,0.7,8.1,0,g,100
Sugar,0,100,0,1,g,100
Sunflower Oil,0,1,3,1,tbsp,1
Tarragon,0,0,0,1,tbs,1
Thai fish sauce,0,2,1.5,1,tsp,1
Thai green curry paste,0,2,1.5,1,tsp,1
Tofu,8,1.9,4.8,1,g,100
Tomato,0.9,3.9,0.2,1,g,100
Tortilla,3,9,2,1,x,1
Tuna,28,0,1.3,0,g,100
Vanilla,0,0,0,1,tsp,1
Vanilla Extract,0.1,13,0.1,1,ml,100
Vegetable Oil,0,0.2,0.5,1,tsp,1
Vegetable stock,0.5,2.2,0.1,1,ml,100
Vinaigrette Dressing,0,2.5,25,1,ml,100
Vinegar,0,1,2,1,tbs,1
Water,0,0,0,1,ml,100
White fish,24,0,8,0,g,100
White wine,0.1,2.6,0,1,ml,100
White Wine Vinegar,0,0,0,1,tsp,1
