meal_id,name,category,servings,instructions,created_by
1,Salmon Eggs Eggs Benedict,breakfast,2,"First make the Hollandaise sauce. Put the lemon juice and vinegar in a small bowl, add the egg yolks and whisk with a balloon whisk until light and frothy. Place the bowl over a pan of simmering water and whisk until mixture thickens. Gradually add the butter, whisking constantly until thick – if it looks like it might be splitting, then whisk off the heat for a few mins. Season and keep warm.

To poach the eggs, bring a large pan of water to the boil and add the vinegar. Lower the heat so that the water is simmering gently. Stir the water so you have a slight whirlpool, then slide in the eggs one by one. Cook each for about 4 mins, then remove with a slotted spoon.

Lightly toast and butter the muffins, then put a couple of slices of salmon on each half. Top each with an egg, spoon over some Hollandaise and garnish with chopped chives.",1
2,Boxty Breakfast,breakfast,2,"STEP 1
Before you start, put your oven on its lowest setting, ready to keep things warm. Peel the potatoes, grate 2 of them, then set aside. Cut the other 2 into large chunks, then boil for 10-15 mins or until tender. Meanwhile, squeeze as much of the liquid from the grated potatoes as you can using a clean tea towel. Mash the boiled potatoes, then mix with the grated potato, spring onions and flour.

STEP 2
Whisk the egg white in a large bowl until it holds soft peaks. Fold in the buttermilk, then add the bicarbonate of soda. Fold into the potato mix.

STEP 3
Heat a large non-stick frying pan over a medium heat, then add 1 tbsp butter and some of the oil. Drop 3-4 spoonfuls of the potato mixture into the pan, then gently cook for 3-5 mins on each side until golden and crusty. Keep warm on a plate in the oven while you cook the next batch, adding more butter and oil to the pan before you do so. You will get 16 crumpet-size boxty from the mix. Can be made the day ahead, drained on kitchen paper, then reheated in a low oven for 20 mins.

STEP 4
Heat the grill to medium and put the tomatoes in a heavy-based pan. Add a good knob of butter and a little oil, then fry for about 5 mins until softened. Grill the bacon, then pile onto a plate and keep warm. Stack up the boxty, bacon and egg, and serve the tomatoes on the side.",2
3,French Omelette,breakfast,2,"Get everything ready. Warm a 20cm (measured across the top) non-stick frying pan on a medium heat. Crack the eggs into a bowl and beat them with a fork so they break up and mix, but not as completely as you would for scrambled egg. With the heat on medium-hot, drop one knob of butter into the pan. It should bubble and sizzle, but not brown. Season the eggs with the Parmesan and a little salt and pepper, and pour into the pan.
Let the eggs bubble slightly for a couple of seconds, then take a wooden fork or spatula and gently draw the mixture in from the sides of the pan a few times, so it gathers in folds in the centre. Leave for a few seconds, then stir again to lightly combine uncooked egg with cooked. Leave briefly again, and when partly cooked, stir a bit faster, stopping while there’s some barely cooked egg left. With the pan flat on the heat, shake it back and forth a few times to settle the mixture. It should slide easily in the pan and look soft and moist on top. A quick burst of heat will brown the underside.
Grip the handle underneath. Tilt the pan down away from you and let the omelette fall to the edge. Fold the side nearest to you over by a third with your fork, and keep it rolling over, so the omelette tips onto a plate – or fold it in half, if that’s easier. For a neat finish, cover the omelette with a piece of kitchen paper and plump it up a bit with your fingers. Rub the other knob of butter over to glaze. Serve immediately.",3
4,Pancakes,breakfast,2,"Put the flour, eggs, milk, 1 tbsp oil and a pinch of salt into a bowl or large jug, then whisk to a smooth batter. Set aside for 30 mins to rest if you have time, or start cooking straight away.
Set a medium frying pan or crêpe pan over a medium heat and carefully wipe it with some oiled kitchen paper. When hot, cook your pancakes for 1 min on each side until golden, keeping them warm in a low oven as you go.
Serve with lemon wedges and sugar, or your favourite filling. Once cold, you can layer the pancakes between baking parchment, then wrap in cling film and freeze for up to 2 months.",4
5,Ham hock colcannon,breakfast,2,"STEP 1
Peel and cut the potatoes into even, medium-sized chunks. Put in a large pan filled with cold salted water, bring to the boil and cook for 10-15 mins until a knife can be inserted into the potatoes easily.

STEP 2
Meanwhile, melt the butter in a large sauté pan over a medium heat. Add the garlic, cabbage, spring onions and some seasoning. Stir occasionally until the cabbage is wilted but still retains a little bite, then set aside.

STEP 3
Drain the potatoes, leave to steam-dry for a couple of mins, then mash with the cream, mustard and seasoning in the same saucepan. Stir in the cabbage and ham hock. Keep warm over a low heat.

STEP 4
Reheat the pan you used to cook the cabbage (no need to wash first), add a splash of oil, crack in the eggs and fry to your liking. To serve, divide the colcannon between bowls and top each with a fried egg.",5
6,Salmon Prawn Risotto,lunch,2,"Melt the butter in a thick-based pan and gently cook the onion without colour until it is soft.
Add the rice and stir to coat all the grains in the butter
Add the wine and cook gently stirring until it is absorbed
Gradually add the hot stock, stirring until each addition is absorbed. Keep stirring until the rice is tender
Season with the lemon juice and zest, and pepper to taste. (there will probably be sufficient saltiness from the salmon to not need to add salt) Stir gently to heat through
Serve scattered with the Parmesan and seasonal vegetables.
Grill the salmon and gently place onto the risotto with the prawns and asparagus",2
7,Ma Po Tofu,lunch,2,"Add a small pinch of salt and sesame oil to minced beef. Mix well and set aside.
Mix 1 tablespoon of cornstarch with 2 and ½ tablespoons of water in a small bowl to make water starch.
Cut tofu into square cubes (around 2cms). Bring a large amount of water to a boil and then add a pinch of salt. Slide the tofu in and cook for 1 minute. Move out and drain.
Get a wok and heat up around 2 tablespoons of oil, fry the minced meat until crispy. Transfer out beef out and leave the oil in.
Fry doubanjiang for 1 minute over slow fire and then add garlic, scallion white, ginger and fermented black beans to cook for 30 seconds until aroma. Then mix pepper flakes in.
Add water to the seasonings and bring to boil over high fire. Gently slide the tofu cubes. Add light soy sauce and beef.Slow the heat after boiling and then simmer for 6-8 minutes. Then add chopped garlic greens.
Stir the water starch and then pour half of the mixture to the simmering pot. Wait for around 30 seconds and then pour the other half. You can slightly taste the tofu and add pinch of salt if not salty enough. By the way, if you feel it is too spicy, add some sugar can milder the taste. But be carefully as the broth is very hot at this point.
Transfer out when almost all the seasonings stick to tofu cubes. Sprinkle Szechuan peppercorn powder (to taste)and chopped garlic greens if using.
Serve immediately with steamed rice.",1
8,Thai Green Curry,lunch,2,"Put the potatoes in a pan of boiling water and cook for 5 minutes. Throw in the beans and cook for a further 3 minutes, by which time both should be just tender but not too soft. Drain and put to one side.
In a wok or large frying pan, heat the oil until very hot, then drop in the garlic and cook until golden, this should take only a few seconds. Don’t let it go very dark or it will spoil the taste. Spoon in the curry paste and stir it around for a few seconds to begin to cook the spices and release all the flavours. Next, pour in the coconut milk and let it come to a bubble.
Stir in the fish sauce and sugar, then the pieces of chicken. Turn the heat down to a simmer and cook, covered, for about 8 minutes until the chicken is cooked.
Tip in the potatoes and beans and let them warm through in the hot coconut milk, then add a lovely citrussy flavour by stirring in the shredded lime leaves (or lime zest). The basil leaves go in next, but only leave them briefly on the heat or they will quickly lose their brightness. Scatter with the lime garnish and serve immediately with boiled rice.",2
9,Big Mac,lunch,2,"For the Big Mac sauce, combine all the ingredients in a bowl, season with salt and chill until ready to use.
2. To make the patties, season the mince with salt and pepper and form into 4 balls using about 1/3 cup mince each. Place each onto a square of baking paper and flatten to form into four x 15cm circles. Heat oil in a large frypan over high heat. In 2 batches, cook beef patties for 1-2 minutes each side until lightly charred and cooked through. Remove from heat and keep warm. Repeat with remaining two patties.
3. Carefully slice each burger bun into three acrossways, then lightly toast.
4. To assemble the burgers, spread a little Big Mac sauce over the bottom base. Top with some chopped onion, shredded lettuce, slice of cheese, beef patty and some pickle slices. Top with the middle bun layer, and spread with more Big Mac sauce, onion, lettuce, pickles, beef patty and then finish with more sauce. Top with burger lid to serve.
5. After waiting half an hour for your food to settle, go for a jog.",1
10,General Tso's Chicken,lunch,2,"DIRECTIONS:
STEP 1 - SAUCE
In a bowl, add 2 Cups of water, 2 Tablespoon soy sauce, 2 Tablespoon white vinegar, sherry cooking wine, 1/4 Teaspoon white pepper, minced ginger, minced garlic, hot pepper, ketchup, hoisin sauce, and sugar.
Mix together well and set aside.
STEP 2 - MARINATING THE CHICKEN
In a bowl, add the chicken, 1 pinch of salt, 1 pinch of white pepper, 2 egg whites, and 3 Tablespoon of corn starch
STEP 3 - DEEP FRY THE CHICKEN
Deep fry the chicken at 350 degrees for 3-4 minutes or until it is golden brown and loosen up the chicken so that they don't stick together.
Set the chicken aside.
STEP 4 - STIR FRY
Add the sauce to the wok and then the broccoli and wait until it is boiling.
To thicken the sauce, whisk together 2 Tablespoon of cornstarch and 4 Tablespoon of water in a bowl and slowly add to your stir-fry until it's the right thickness.
Next add in the chicken and stir-fry for a minute and serve on a plate",2
11,Salmon Avocado Salad,dinner,2,"Season the salmon, then rub with oil. Mix the dressing ingredients together. Halve, stone, peel and slice the avocados. Halve and quarter the cucumber lengthways, then cut into slices. Divide salad, avocado and cucumber between four plates, then drizzle with half the dressing.

Heat a non-stick pan. Add the salmon and fry for 3-4 mins on each side until crisp but still moist inside. Put a salmon fillet on top of each salad and drizzle over the remaining dressing. Serve warm.",1
12,Chickpea Fajitas,dinner,2,"Heat oven to 200C/180C fan/gas 6 and line a baking tray with foil. Drain the chickpeas, pat dry and tip onto the prepared baking tray. Add the oil and paprika, toss to coat, then roast for 20-25 mins until browned and crisp, shaking halfway through cooking.

Meanwhile, put the tomatoes and onion in a small bowl with the vinegar and set aside to pickle. Put the avocado in another bowl and mash with a fork, leaving some larger chunks. Stir in the lime juice and season well. Mix the soured cream with the harissa and set aside until ready to serve.

Heat a griddle pan until nearly smoking. Add the tortillas , one at a time, charring each side until hot with griddle lines. 

Put everything on the table and build the fajitas : spread a little of the harissa cream over the tortilla, top with roasted chickpeas, guacamole, pickled salsa and coriander, if you like. Serve with the lime wedges for squeezing over.",4
13,Tuna Nicoise,dinner,2,"Heat oven to 200C/fan 180C/gas 6. Toss the potatoes with 2 tsp oil and some seasoning. Tip onto a large baking tray, then roast for 20 mins, stirring halfway, until crisp, golden and cooked through.
Meanwhile, put eggs in a small pan of water, bring to the boil, then simmer for 8-10 mins, depending on how you like them cooked. Plunge into a bowl of cold water to cool for a few mins. Peel away the shells, then cut into halves.
In a large salad bowl, whisk together the remaining oil, red wine vinegar, capers and chopped tomatoes. Season, tip in the onion, spinach, tuna and potatoes, then gently toss together. Top with the eggs, then serve straight away.",1
14,Broccoli & Stilton soup,dinner,2,"Heat the rapeseed oil in a large saucepan and then add the onions. Cook on a medium heat until soft. Add a splash of water if the onions start to catch.

Add the celery, leek, potato and a knob of butter. Stir until melted, then cover with a lid. Allow to sweat for 5 minutes. Remove the lid.

Pour in the stock and add any chunky bits of broccoli stalk. Cook for 10 – 15 minutes until all the vegetables are soft.

Add the rest of the broccoli and cook for a further 5 minutes. Carefully transfer to a blender and blitz until smooth. Stir in the stilton, allowing a few lumps to remain. Season with black pepper and serve.",2
15,Chocolate Avocado Mousse,dinner,2,"1. Blend all the mousse ingredients together in your food processor until smooth. Add the cacao powder first and, as you blend, have all the ingredients to hand in order to adjust the ratios slightly as the size of avocados and bananas varies so much. The perfect ratio in order to avoid the dish tasting too much of either is to use equal amounts of both.

2. Taste and add a few drops of stevia if you feel you need more sweetness.

3. Fill little cups or shot glasses with the mousse, sprinkle with the cacao powder or nibs and serve.

Tip If you don’t have a frozen banana to hand you can just use a normal one and then chill the mousse before serving for a cooling dessert.",1
